Timestamp,Event,Audio_Status
2026-09-16 15:11:53,Gerakan Terdeteksi,Diputar
2026-09-16 15:42:10,Gerakan Terdeteksi,Diputar
2026-09-16 15:49:45,Gerakan Terdeteksi,Diputar
2026-09-16 16:02:56,Gerakan Terdeteksi,Diputar
2026-09-16 16:03:01,Gerakan Terdeteksi,Diputar
2026-09-16 16:03:07,Gerakan Terdeteksi,Diputar
2026-09-16 16:03:21,Gerakan Terdeteksi,Diputar
2026-09-16 16:03:27,Gerakan Terdeteksi,Diputar
2026-09-16 16:03:33,Gerakan Terdeteksi,Diputar
2026-09-16 16:03:40,Gerakan Terdeteksi,Diputar
2026-09-16 16:24:17,Gerakan Terdeteksi,Diputar
2026-09-16 16:24:28,Gerakan Terdeteksi,Diputar
2026-09-16 16:24:38,Gerakan Terdeteksi,Diputar
2026-09-16 16:25:02,Gerakan Terdeteksi,Diputar
2026-09-16 16:25:08,Gerakan Terdeteksi,Diputar
2026-09-16 16:25:25,Gerakan Terdeteksi,Diputar
2026-09-16 16:27:06,Gerakan Terdeteksi,Diputar
2026-09-16 16:27:15,Gerakan Terdeteksi,Diputar
2026-09-16 16:39:03,Gerakan Terdeteksi,Diputar
2026-09-16 16:44:33,Gerakan Terdeteksi,Diputar
2026-09-16 16:44:39,Gerakan Terdeteksi,Diputar
2026-09-16 16:44:45,Gerakan Terdeteksi,Diputar
2026-09-16 16:44:50,Gerakan Terdeteksi,Diputar
2026-09-16 16:45:15,Gerakan Terdeteksi,Diputar
2026-09-16 16:45:21,Gerakan Terdeteksi,Diputar
2026-09-16 16:45:26,Gerakan Terdeteksi,Diputar
2026-09-16 16:45:32,Gerakan Terdeteksi,Diputar
2026-09-16 16:45:38,Gerakan Terdeteksi,Diputar
2026-09-16 16:45:44,Gerakan Terdeteksi,Diputar
2026-09-16 17:00:07,Gerakan Terdeteksi,Diputar
2026-09-16 17:00:23,Gerakan Terdeteksi,Diputar
2026-09-16 17:00:28,Gerakan Terdeteksi,Diputar
2026-09-16 17:00:34,Gerakan Terdeteksi,Diputar
2026-09-16 17:00:40,Gerakan Terdeteksi,Diputar
2026-09-16 17:00:46,Gerakan Terdeteksi,Diputar
2026-09-16 17:00:51,Gerakan Terdeteksi,Diputar
2026-09-16 17:00:57,Gerakan Terdeteksi,Diputar
2026-09-16 17:01:02,Gerakan Terdeteksi,Diputar
2026-09-16 17:01:08,Gerakan Terdeteksi,Diputar
2026-09-16 17:01:13,Gerakan Terdeteksi,Diputar
2026-09-16 17:01:18,Gerakan Terdeteksi,Diputar
2026-09-16 17:01:25,Gerakan Terdeteksi,Diputar
2026-09-16 17:01:30,Gerakan Terdeteksi,Diputar
2026-09-16 17:01:56,Gerakan Terdeteksi,Diputar
2026-09-16 17:02:01,Gerakan Terdeteksi,Diputar
2026-09-16 17:05:01,Gerakan Terdeteksi,Diputar
2026-09-16 17:05:08,Gerakan Terdeteksi,Diputar
2026-09-16 17:05:22,Gerakan Terdeteksi,Diputar
2026-09-16 17:05:33,Gerakan Terdeteksi,Diputar
2026-09-16 17:05:38,Gerakan Terdeteksi,Diputar
2026-09-16 17:05:52,Gerakan Terdeteksi,Diputar
2026-09-16 17:06:14,Gerakan Terdeteksi,Diputar
2026-09-16 17:06:58,Gerakan Terdeteksi,Diputar
2026-09-16 17:08:07,Gerakan Terdeteksi,Diputar
2026-09-16 17:08:25,Gerakan Terdeteksi,Diputar
2026-09-16 17:08:43,Gerakan Terdeteksi,Diputar
2026-09-16 17:09:00,Gerakan Terdeteksi,Diputar
2026-09-16 17:09:27,Gerakan Terdeteksi,Diputar
2026-09-16 17:09:44,Gerakan Terdeteksi,Diputar
2026-09-16 17:10:08,Gerakan Terdeteksi,Diputar
2026-09-16 17:11:52,Gerakan Terdeteksi,Diputar
2026-09-16 17:13:04,Gerakan Terdeteksi,Diputar
2026-09-16 17:13:25,Gerakan Terdeteksi,Diputar
2026-09-16 17:14:30,Gerakan Terdeteksi,Diputar
2026-09-16 17:14:44,Gerakan Terdeteksi,Diputar
2026-09-16 17:14:58,Gerakan Terdeteksi,Diputar
2026-09-16 17:16:12,Gerakan Terdeteksi,Diputar
2026-09-16 17:43:45,Gerakan Terdeteksi,Diputar
2026-09-16 17:44:24,Gerakan Terdeteksi,Diputar
2026-09-16 17:44:50,Gerakan Terdeteksi,Diputar
2026-09-16 17:46:19,Gerakan Terdeteksi,Diputar
2026-09-16 17:47:24,Gerakan Terdeteksi,Diputar
2026-09-16 17:48:04,Gerakan Terdeteksi,Diputar
2026-09-16 17:48:42,Gerakan Terdeteksi,Diputar
2026-09-16 17:50:06,Gerakan Terdeteksi,Diputar
2026-09-16 17:50:22,Gerakan Terdeteksi,Diputar
2026-09-16 17:53:30,Gerakan Terdeteksi,Diputar
2026-09-16 17:53:46,Gerakan Terdeteksi,Diputar
2026-09-16 17:54:09,Gerakan Terdeteksi,Diputar
2026-09-16 17:54:24,Gerakan Terdeteksi,Diputar
2026-09-16 17:54:42,Gerakan Terdeteksi,Diputar
2026-09-16 17:55:02,Gerakan Terdeteksi,Diputar
2026-09-16 17:55:16,Gerakan Terdeteksi,Diputar
2026-09-16 17:55:38,Gerakan Terdeteksi,Diputar
2026-09-16 17:55:53,Gerakan Terdeteksi,Diputar
2026-09-16 17:56:10,Gerakan Terdeteksi,Diputar
2026-09-16 17:56:28,Gerakan Terdeteksi,Diputar
2026-09-16 17:56:44,Gerakan Terdeteksi,Diputar
2026-09-16 17:57:07,Gerakan Terdeteksi,Diputar
2026-09-16 17:57:21,Gerakan Terdeteksi,Diputar
2026-09-16 17:58:13,Gerakan Terdeteksi,Diputar
2026-09-16 17:58:42,Gerakan Terdeteksi,Diputar
2026-09-16 17:59:14,Gerakan Terdeteksi,Diputar
2026-09-16 17:59:58,Gerakan Terdeteksi,Diputar
2026-09-16 18:01:07,Gerakan Terdeteksi,Diputar
2026-09-16 18:01:27,Gerakan Terdeteksi,Diputar
2026-09-16 18:01:51,Gerakan Terdeteksi,Diputar
2026-09-16 18:02:09,Gerakan Terdeteksi,Diputar
2026-09-16 18:02:30,Gerakan Terdeteksi,Diputar
2026-09-16 18:03:44,Gerakan Terdeteksi,Diputar
2026-09-16 18:04:10,Gerakan Terdeteksi,Diputar
2026-09-16 18:06:45,Gerakan Terdeteksi,Diputar
2026-09-16 18:08:12,Gerakan Terdeteksi,Diputar
2026-09-16 18:09:51,Gerakan Terdeteksi,Diputar
2026-09-16 18:11:09,Gerakan Terdeteksi,Diputar
2026-09-16 18:11:37,Gerakan Terdeteksi,Diputar
2026-09-16 18:12:05,Gerakan Terdeteksi,Diputar
2026-09-16 18:12:33,Gerakan Terdeteksi,Diputar
2026-09-16 18:12:47,Gerakan Terdeteksi,Diputar
2026-09-16 18:13:33,Gerakan Terdeteksi,Diputar
2026-09-16 18:14:08,Gerakan Terdeteksi,Diputar
2026-09-16 18:14:46,Gerakan Terdeteksi,Diputar
2026-09-16 18:15:02,Gerakan Terdeteksi,Diputar
2026-09-16 18:15:23,Gerakan Terdeteksi,Diputar
2026-09-16 18:16:22,Gerakan Terdeteksi,Diputar
2026-09-16 18:17:20,Gerakan Terdeteksi,Diputar
2026-09-16 18:19:41,Gerakan Terdeteksi,Diputar
2026-09-16 18:19:58,Gerakan Terdeteksi,Diputar
2026-09-16 18:21:11,Gerakan Terdeteksi,Diputar
2026-09-16 18:22:31,Gerakan Terdeteksi,Diputar
2026-09-16 18:22:50,Gerakan Terdeteksi,Diputar
2026-09-16 18:23:29,Gerakan Terdeteksi,Diputar
2026-09-16 18:23:46,Gerakan Terdeteksi,Diputar
2026-09-16 18:24:04,Gerakan Terdeteksi,Diputar
2026-09-16 18:24:26,Gerakan Terdeteksi,Diputar
2026-09-16 18:24:53,Gerakan Terdeteksi,Diputar
2026-09-16 18:25:22,Gerakan Terdeteksi,Diputar
2026-09-16 18:25:45,Gerakan Terdeteksi,Diputar
2026-09-16 18:26:01,Gerakan Terdeteksi,Diputar
2026-09-16 18:26:38,Gerakan Terdeteksi,Diputar
2026-09-16 18:36:30,Gerakan Terdeteksi,Diputar
2026-09-16 18:37:03,Gerakan Terdeteksi,Diputar
2026-09-16 18:37:21,Gerakan Terdeteksi,Diputar
2026-09-16 18:37:37,Gerakan Terdeteksi,Diputar
2026-09-16 18:37:57,Gerakan Terdeteksi,Diputar
2026-09-16 18:39:04,Gerakan Terdeteksi,Diputar
2026-09-16 19:06:34,Gerakan Terdeteksi,Diputar
2026-09-16 19:06:40,Gerakan Terdeteksi,Diputar
2026-09-16 19:06:47,Gerakan Terdeteksi,Diputar
2026-09-16 19:07:07,Gerakan Terdeteksi,Diputar
2026-09-16 19:07:22,Gerakan Terdeteksi,Diputar
2026-09-16 19:15:08,Gerakan Terdeteksi,Diputar
2026-09-16 19:15:30,Gerakan Terdeteksi,Diputar
2026-09-16 19:15:45,Gerakan Terdeteksi,Diputar
2026-09-16 19:16:02,Gerakan Terdeteksi,Diputar
2026-09-16 19:16:18,Gerakan Terdeteksi,Diputar
2026-09-16 19:16:42,Gerakan Terdeteksi,Diputar
2026-09-16 19:17:00,Gerakan Terdeteksi,Diputar
2026-09-16 19:17:14,Gerakan Terdeteksi,Diputar
2026-09-16 19:17:35,Gerakan Terdeteksi,Diputar
